{
  "K": [
    [
      1372.4844291261174,
      0.0,
      640.0
    ],
    [
      0.0,
      1372.4844291261174,
      360.0
    ],
    [
      0.0,
      0.0,
      1.0
    ]
  ],
  "baseline_m": 1.0,
  "near_clip": 0.15,
  "far_clip": 800,
  "left": {
    "position": {
      "x": 163.213,
      "y": 1359.65,
      "z": 291.109
    },
    "rotation": {
      "x": -86,
      "y": -1.52992e-06,
      "z": -166
    }
  },
  "right": {
    "position": {
      "x": 162.243,
      "y": 1359.4,
      "z": 291.109
    },
    "rotation": {
      "x": -86,
      "y": -1.52992e-06,
      "z": -166
    }
  }
}